Randomized data ,,,,,,,,,,,,,
,,,,,,,,,,,,,
project_id,company_name,sector,initial_investment,negative II,cashflow_y1,cashflow_y2,cashflow_y3,risk_score,discount_rate,NPV,IRR,Payback Period,decision
P1,Apple,tech,74908800000,-74908800000,75438000000,90720000000,95256000000,2,0.08,1.48336E+11,96%,1,Accept
P2,Apple,tech,45777600000,-45777600000,50292000000,1.0416E+11,1.2395E+11,4,0.1,1.79151E+11,147%,1,Accept
P3,Apple,tech,83232000000,-83232000000,78867000000,68320000000,81300800000,3,0.08,1.12906E+11,74%,1.063890515,Accept
P4,Apple,tech,70747200000,-70747200000,65151000000,1.008E+11,1.08864E+11,4,0.1,1.53578E+11,101%,1.055517857,Accept
P5,Apple,tech,79070400000,-79070400000,51435000000,69440000000,74300800000,4,0.1,80900411420,58%,1.39797523,Accept
P6,Apple,tech,58262400000,-58262400000,50292000000,77280000000,86553600000,3,0.08,1.23268E+11,94%,1.103136646,Accept
P7,Apple,tech,87393600000,-87393600000,62865000000,87360000000,91728000000,3,0.08,1.18528E+11,68%,1.280776099,Accept
P8,Apple,tech,58262400000,-58262400000,78867000000,79520000000,90652800000,3,0.08,1.54901E+11,126%,1,Accept
P9,Apple,tech,74908800000,-74908800000,53721000000,92960000000,1.03186E+11,4,0.1,1.2828E+11,82%,1.227923838,Accept
P10,Apple,tech,95716800000,-95716800000,46863000000,1.1088E+11,1.27512E+11,4,0.1,1.34324E+11,67%,1.440600649,Accept
P11,Microsoft,tech,4.81E+10,-4.81E+10,5.55E+10,1.08E+11,1.19E+11,3,0.08,1.90E+11,147%,1,Accept
P12,Microsoft,tech,6.55E+10,-6.55E+10,5.31E+10,8.87E+10,1.01E+11,2,0.08,1.40E+11,93%,1.140550915,Accept
P13,Microsoft,tech,8.30E+10,-8.30E+10,4.94E+10,1.10E+11,1.31E+11,4,0.1,1.51556E+11,81%,1.30517429,Accept
P14,Microsoft,tech,5.68E+10,-5.68E+10,7.53E+10,7.31E+10,8.70E+10,3,0.08,1.45E+11,122%,1,Accept
P15,Microsoft,tech,1.09E+11,-1.09E+11,4.94E+10,8.39E+10,9.73E+10,2,0.08,8.56E+10,43%,1.713622926,Accept
P16,Microsoft,tech,8.30E+10,-8.30E+10,7.90E+10,8.87E+10,1.05E+11,2,0.08,1.49E+11,88%,1.045328005,Accept
P17,Microsoft,tech,4.37E+10,-4.37E+10,7.78E+10,1.16E+11,1.33E+11,4,0.1,2.23E+11,200%,1,Accept
P18,Microsoft,tech,6.55E+10,-6.55E+10,5.18E+10,1.01E+11,1.12E+11,4,0.1,1.49E+11,99%,1.136081442,Accept
P19,Microsoft,tech,1.01E+11,-1.01E+11,5.06E+10,8.27E+10,9.59E+10,2,0.08,9.34E+10,49%,1.603347942,Accept
P20,Microsoft,tech,4.37E+10,-4.37E+10,7.90E+10,8.03E+10,8.91E+10,4,0.1,1.61E+11,175%,1,Accept
P21,Infosys,tech,1.19646E+11,-1.19646E+11,74855070000,89577600000,1.01223E+11,4,0.1,98485241698,50%,1.500023778,Accept
P22,Infosys,tech,95716800000,-95716800000,68511420000,94785600000,1.07108E+11,4,0.1,1.25373E+11,69%,1.28702018,Accept
P23,Infosys,tech,52644240000,-52644240000,86273640000,96868800000,1.08493E+11,4,0.1,1.87356E+11,163%,1,Accept
P24,Infosys,tech,57430080000,-57430080000,78661260000,82286400000,89692176000,4,0.1,1.49473E+11,129%,1,Accept
P25,Infosys,tech,81359280000,-81359280000,60899040000,98952000000,1.16763E+11,4,0.1,1.43508E+11,84%,1.206769343,Accept
P26,Infosys,tech,62215920000,-62215920000,55824120000,1.03118E+11,1.19617E+11,3,0.08,1.72837E+11,111%,1.061985058,Accept
P27,Infosys,tech,1.10074E+11,-1.10074E+11,68511420000,98952000000,1.06868E+11,3,0.08,1.23033E+11,58%,1.420030924,Accept
P28,Infosys,tech,1.19646E+11,-1.19646E+11,85004910000,1.01035E+11,1.18211E+11,3,0.08,1.39523E+11,61%,1.342861597,Accept
P29,Infosys,tech,90930960000,-90930960000,81198720000,98952000000,1.08847E+11,3,0.08,1.55495E+11,84%,1.098353141,Accept
P30,Infosys,tech,90930960000,-90930960000,77392530000,89577600000,1.01223E+11,2,0.08,1.37881E+11,77%,1.151136333,Accept
P31,TCS,tech,8.49E+10,-8.49E+10,88811100000,6.52E+10,6.98E+10,4,0.1,1.02187E+11,75%,1,Accept
P32,TCS,tech,7.07E+10,-7.07E+10,71048880000,99881600000,1.12E+11,3,0.08,1.69475E+11,106%,1,Accept
P33,TCS,tech,4.24E+10,-4.24E+10,5.33E+10,7.54E+10,8.67E+10,4,0.1,1.3349E+11,137%,1,Accept
P34,TCS,tech,6.01E+10,-6.01E+10,5.84E+10,6.93E+10,7.35E+10,3,0.08,1.1164E+11,91%,1.02559014,Accept
P35,TCS,tech,7.43E+10,-7.43E+10,52017930000,73382400000,77051520000,2,0.08,97959751043,67%,1.303432839,Accept
P36,TCS,tech,8.49E+10,-8.49E+10,67242690000,72363200000,82494048000,4,0.1,98016374951,66%,1.243963092,Accept
P37,TCS,tech,4.60E+10,-4.60E+10,77392530000,80516800000,94204656000,2,0.08,1.69487E+11,164%,1,Accept
P38,TCS,tech,6.37E+10,-6.37E+10,59630310000,81536000000,85612800000,4,0.1,1.22244E+11,95%,1.04957528,Accept
P39,TCS,tech,8.49E+10,-8.49E+10,73586340000,79497600000,91422240000,4,0.1,1.16387E+11,75%,1.14227222,Accept
P40,TCS,tech,6.37E+10,-6.37E+10,85004910000,83574400000,8.78E+10,3,0.08,1.56349E+11,121%,1,Accept
P41,Wipro,tech,8.07E+10,-8.07E+10,66248280000,67032000000,77757120000,3,0.08,99884436627,67%,1.214875403,Accept
P42,Wipro,tech,9.34E+10,-9.34E+10,6.20E+10,7.13E+10,7.77E+10,4,0.1,8.03E+10,52%,1.439684996,Accept
P43,Wipro,tech,5.94E+10,-5.94E+10,7.15E+10,7.87E+10,9.21E+10,2,0.08,1.47E+11,115%,1,Accept
P44,Wipro,tech,5.09E+10,-5.09E+10,58887360000,88312000000,92727600000,4,0.1,1.45249E+11,127%,1,Accept
P45,Wipro,tech,7.22E+10,-7.22E+10,43113960000,92568000000,1.07379E+11,2,0.08,1.32361E+11,78%,1.313803733,Accept
P46,Wipro,tech,5.09E+10,-5.09E+10,5.26E+10,8.09E+10,9.62E+10,2,0.08,1.43462E+11,117%,1,Accept
P47,Wipro,tech,8.91E+10,-8.91E+10,4.63E+10,6.38E+10,7.60E+10,4,0.1,6.28E+10,43%,1.671566917,Accept
P48,Wipro,tech,4.67E+10,-4.67E+10,6.94E+10,6.38E+10,7.60E+10,2,0.08,1.33E+11,136%,1,Accept
P49,Wipro,tech,6.37E+10,-6.37E+10,50474880000,84056000000,8.91E+10,3,0.08,1.25858E+11,89%,1.157009613,Accept
P50,Wipro,tech,8.91E+10,-8.91E+10,4.21E+10,7.77E+10,8.16E+10,3,0.08,8.11E+10,48%,1.606126687,Accept
P51,Reliance Industries,Energy,1.6E+12,-1.6E+12,4.896E+11,6.24E+11,6.7392E+11,8,0.12,-1.85725E+11,-1,2.721747388,Reject
P52,Reliance Industries,Energy,1E+12,-1E+12,8.0784E+11,6.3232E+11,6.70259E+11,5,0.1,7.60554E+11,0.516346938,1.303896761,Accept
P53,Reliance Industries,Energy,1.4E+12,-1.4E+12,7.0992E+11,6.9888E+11,8.1769E+11,5,0.1,4.37311E+11,0.265899754,1.987408425,Accept
P54,Reliance Industries,Energy,2.5E+12,-2.5E+12,7.2216E+11,4.992E+11,5.84064E+11,7,0.12,-1.04153E+12,-1,>3,Reject
P55,Reliance Industries,Energy,1.2E+12,-1.2E+12,6.4872E+11,6.7392E+11,7.88486E+11,7,0.12,4.77688E+11,-1,1.818019943,Reject
P56,Reliance Industries,Energy,2.1E+12,-2.1E+12,5.1408E+11,7.8208E+11,8.29005E+11,7,0.12,-4.27461E+11,-1,2.969644567,Reject
P57,Reliance Industries,Energy,1.8E+12,-1.8E+12,8.0784E+11,8.0704E+11,9.52307E+11,8,0.12,2.42487E+11,0.194729274,2.194391054,Accept
P58,Reliance Industries,Energy,2.2E+12,-2.2E+12,7.5888E+11,5.7408E+11,6.20006E+11,8,0.12,-6.23467E+11,-0.059243002,>3,Reject
P59,Reliance Industries,Energy,1E+12,-1E+12,6.12E+11,8.2368E+11,9.88416E+11,5,0.1,9.79702E+11,0.552573927,1.471056721,Accept
P60,Reliance Industries,Energy,1.2E+12,-1.2E+12,6.12E+11,7.6544E+11,8.80256E+11,6,0.1,6.50308E+11,-1,1.768185619,Reject
P61,ONGC,Energy,1.365E+12,-1.365E+12,6.81523E+11,7.7559E+11,8.84173E+11,7,0.12,4.91136E+11,-1,1.881234218,Reject
P62,ONGC,Energy,1.575E+12,-1.575E+12,5.8752E+11,6.47962E+11,7.38676E+11,6,0.1,49592925620,-1,2.459630876,Reject
P63,ONGC,Energy,1.995E+12,-1.995E+12,6.81523E+11,8.63949E+11,1.0281E+12,7,0.12,34018163265,-1,2.437241908,Reject
P64,ONGC,Energy,1.89E+12,-1.89E+12,7.75526E+11,6.67597E+11,7.27681E+11,7,0.12,-1.47413E+11,0.073485203,2.614111265,Reject
P65,ONGC,Energy,1.155E+12,-1.155E+12,6.81523E+11,9.32672E+11,1.04459E+12,6,0.1,1.02019E+12,0.516128476,1.507656282,Accept
P66,ONGC,Energy,1.05E+12,-1.05E+12,5.8752E+11,7.55955E+11,8.61789E+11,5,0.1,7.5634E+11,0.448105803,1.611782286,Accept
P67,ONGC,Energy,1.365E+12,-1.365E+12,7.75526E+11,8.44314E+11,9.45631E+11,6,0.1,7.48271E+11,-1,1.698169022,Reject
P68,ONGC,Energy,1.575E+12,-1.575E+12,6.93274E+11,9.4249E+11,1.12156E+12,5,0.1,6.76812E+11,0.310972446,1.93552905,Accept
P69,ONGC,Energy,2.52E+12,-2.52E+12,6.69773E+11,6.18509E+11,6.86545E+11,7,0.12,-9.40248E+11,-1,>3,Reject
P70,ONGC,Energy,2.625E+12,-2.625E+12,5.64019E+11,9.52307E+11,1.1142E+12,7,0.12,-5.69173E+11,-1,2.995040543,Reject
P71,Adani Green,Energy,8.6E+11,-8.6E+11,8.8128E+11,5.93216E+11,6.28809E+11,7,0.12,8.47339E+11,0.689291593,1,Accept
P72,Adani Green,Energy,2.15E+12,-2.15E+12,8.22528E+11,6.88896E+11,7.78452E+11,6,0.1,-2.48049E+11,-1,2.820314684,Reject
P73,Adani Green,Energy,1.72E+12,-1.72E+12,6.16896E+11,7.27168E+11,7.63526E+11,5,0.1,15428519910,-1,2.492368044,Reject
P74,Adani Green,Energy,1.72E+12,-1.72E+12,9.98784E+11,7.46304E+11,7.83619E+11,5,0.1,3.9351E+11,0.232586516,1.966383672,Accept
P75,Adani Green,Energy,2.064E+12,-2.064E+12,8.66592E+11,6.79328E+11,7.67641E+11,8,0.12,-2.0231E+11,-1,2.67489913,Reject
P76,Adani Green,Energy,9.46E+11,-9.46E+11,9.25344E+11,7.27168E+11,8.14428E+11,5,0.1,1.10808E+12,0.717547528,1.02840609,Accept
P77,Adani Green,Energy,1.204E+12,-1.204E+12,7.19712E+11,8.1328E+11,9.19006E+11,8,0.12,7.41072E+11,0.437255728,1.595475113,Accept
P78,Adani Green,Energy,1.118E+12,-1.118E+12,1.01347E+12,8.41984E+11,9.76701E+11,8,0.12,1.15331E+12,0.670437346,1.124144877,Accept
P79,Adani Green,Energy,2.064E+12,-2.064E+12,7.344E+11,8.89824E+11,9.43213E+11,5,0.1,47678317055,0.11253329,2.466252898,Accept
P80,Adani Green,Energy,1.462E+12,-1.462E+12,8.37216E+11,7.84576E+11,8.23805E+11,6,0.1,5.66452E+11,0.310359674,1.796333306,Accept
P81,NTPC,Energy,2.071E+12,-2.071E+12,7.6549E+11,7.50131E+11,8.32646E+11,5,0.1,-1.29578E+11,-1,2.667005481,Reject
P82,NTPC,Energy,1.199E+12,-1.199E+12,7.07717E+11,7.17517E+11,7.74918E+11,7,0.12,5.56461E+11,-1,1.684699229,Reject
P83,NTPC,Energy,2.507E+12,-2.507E+12,6.64387E+11,6.84902E+11,7.67091E+11,5,0.1,-7.6065E+11,-1,>3,Reject
P84,NTPC,Energy,2.616E+12,-2.616E+12,5.92171E+11,7.50131E+11,8.0264E+11,5,0.1,-8.54684E+11,-1,>3,Reject
P85,NTPC,Energy,2.507E+12,-2.507E+12,7.6549E+11,7.99053E+11,9.26901E+11,5,0.1,-4.54332E+11,-1,>3,Reject
P86,NTPC,Energy,1.962E+12,-1.962E+12,6.64387E+11,5.29984E+11,5.72383E+11,8,0.12,-5.38886E+11,-1,>3,Reject
P87,NTPC,Energy,2.18E+12,-2.18E+12,8.81035E+11,7.2567E+11,8.41778E+11,7,0.12,-2.15701E+11,-1,2.681052046,Reject
P88,NTPC,Energy,1.635E+12,-1.635E+12,1.01102E+12,6.84902E+11,7.53393E+11,8,0.12,3.4995E+11,-1,1.911043676,Reject
P89,NTPC,Energy,2.289E+12,-2.289E+12,6.7883E+11,7.0121E+11,7.43282E+11,6,0.1,-5.3393E+11,-1,>3,Reject
P90,NTPC,Energy,1.199E+12,-1.199E+12,7.6549E+11,7.58285E+11,8.56862E+11,8,0.12,6.9887E+11,-1,1.571698655,Reject
P91,Tata Power,Energy,9.35E+11,-9.35E+11,5.5741E+11,8.46893E+11,9.90865E+11,7,0.12,9.43103E+11,0.587357757,1.445853832,Accept
P92,Tata Power,Energy,1.7E+12,-1.7E+12,5.45292E+11,7.00877E+11,8.06008E+11,8,0.12,-80696647230,-1,2.563060193,Reject
P93,Tata Power,Energy,1.275E+12,-1.275E+12,4.84704E+11,6.13267E+11,7.05257E+11,5,0.1,2.02343E+11,-1,2.251013077,Reject
P94,Tata Power,Energy,1.275E+12,-1.275E+12,6.66468E+11,5.93798E+11,6.82868E+11,6,0.1,3.34671E+11,-1,2.021576054,Reject
P95,Tata Power,Energy,1.785E+12,-1.785E+12,6.78586E+11,9.7344E+11,1.15839E+12,8,0.12,4.21422E+11,-1,2.114792071,Reject
P96,Tata Power,Energy,1.955E+12,-1.955E+12,7.39174E+11,6.71674E+11,7.18691E+11,7,0.12,-2.4802E+11,-1,2.757144569,Reject
P97,Tata Power,Energy,1.785E+12,-1.785E+12,7.75526E+11,5.93798E+11,6.59116E+11,5,0.1,-94029746056,-1,2.630655391,Reject
P98,Tata Power,Energy,1.7E+12,-1.7E+12,5.5741E+11,8.1769E+11,9.07635E+11,5,0.1,1.64432E+11,-1,2.35796398,Reject
P99,Tata Power,Energy,8.5E+11,-8.5E+11,8.11879E+11,6.52205E+11,7.36991E+11,7,0.12,9.19402E+11,-1,1.058449125,Reject
P100,Tata Power,Energy,1.275E+12,-1.275E+12,7.27056E+11,7.00877E+11,8.20026E+11,6,0.1,5.81295E+11,-1,1.781797885,Reject
P101,HDFC,Finance,4.284E+11,-4.284E+11,1.092E+12,1.6856E+11,1.82045E+11,6,0.1,8.40406E+11,1.748433622,1,Accept
P102,HDFC,Finance,6.048E+11,-6.048E+11,1.0764E+12,1.376E+11,1.4448E+11,3,0.08,6.24529E+11,0.958240869,1,Accept
P103,HDFC,Finance,3.276E+11,-3.276E+11,9.984E+11,1.4276E+11,1.67029E+11,3,0.08,8.51831E+11,2.231309838,1,Accept
P104,HDFC,Finance,6.048E+11,-6.048E+11,8.268E+11,1.5136E+11,1.7255E+11,6,0.1,4.01567E+11,0.628353842,1,Accept
P105,HDFC,Finance,5.292E+11,-5.292E+11,9.984E+11,1.2212E+11,1.35553E+11,4,0.1,5.81205E+11,1.059104494,1,Accept
P106,HDFC,Finance,2.52E+11,-2.52E+11,8.112E+11,1.2212E+11,1.44102E+11,5,0.1,6.94646E+11,2.410314524,1,Accept
P107,HDFC,Finance,3.528E+11,-3.528E+11,8.112E+11,1.3588E+11,1.5898E+11,4,0.1,6.16396E+11,1.522789822,1,Accept
P108,HDFC,Finance,4.536E+11,-4.536E+11,1.014E+12,1.032E+11,1.20744E+11,6,0.1,6.44224E+11,1.378182063,1,Accept
P109,HDFC,Finance,6.3E+11,-6.3E+11,7.176E+11,1.2728E+11,1.52736E+11,6,0.1,2.42307E+11,0.405514122,1,Accept
P110,HDFC,Finance,5.796E+11,-5.796E+11,6.24E+11,1.7028E+11,1.85605E+11,5,0.1,2.67848E+11,0.436357878,1,Accept
P111,ICICI,Finance,3.30876E+11,-3.30876E+11,8.43336E+11,1.36172E+11,1.48428E+11,5,0.1,6.59848E+11,1.757081757,1,Accept
P112,ICICI,Finance,6.363E+11,-6.363E+11,1.09138E+12,1.12694E+11,1.23964E+11,5,0.1,5.42132E+11,0.866050298,1,Accept
P113,ICICI,Finance,3.56328E+11,-3.56328E+11,8.43336E+11,1.1426E+11,1.34826E+11,6,0.1,6.06068E+11,1.550619819,1,Accept
P114,ICICI,Finance,3.05424E+11,-3.05424E+11,9.42552E+11,1.03303E+11,1.11567E+11,4,0.1,7.20638E+11,2.225989418,1,Accept
P115,ICICI,Finance,4.32684E+11,-4.32684E+11,9.26016E+11,1.36172E+11,1.4979E+11,4,0.1,6.34227E+11,1.338096842,1,Accept
P116,ICICI,Finance,3.8178E+11,-3.8178E+11,6.94512E+11,1.51824E+11,1.68525E+11,5,0.1,5.01685E+11,1.107264366,1,Accept
P117,ICICI,Finance,4.58136E+11,-4.58136E+11,9.9216E+11,97042400000,1.05776E+11,5,0.1,6.03499E+11,1.301285938,1,Accept
P118,ICICI,Finance,2.79972E+11,-2.79972E+11,8.76408E+11,1.18955E+11,1.29661E+11,3,0.08,7.36431E+11,2.301522548,1,Accept
P119,ICICI,Finance,5.85396E+11,-5.85396E+11,9.0948E+11,1.11129E+11,1.24465E+11,5,0.1,4.26758E+11,0.733830923,1,Accept
P120,ICICI,Finance,6.363E+11,-6.363E+11,9.42552E+11,1.18955E+11,1.3204E+11,4,0.1,4.18079E+11,-1,1,Reject
P121,SBI,Finance,6.426E+11,-6.426E+11,1.10167E+12,1.31339E+11,1.5104E+11,6,0.1,5.80943E+11,0.888526517,1,Accept
P122,SBI,Finance,3.34152E+11,-3.34152E+11,9.1806E+11,1.34504E+11,1.46609E+11,3,0.08,7.47602E+11,1.935473011,1,Accept
P123,SBI,Finance,5.1408E+11,-5.1408E+11,8.67984E+11,1.29757E+11,1.46625E+11,6,0.1,4.92395E+11,0.900238622,1,Accept
P124,SBI,Finance,3.8556E+11,-3.8556E+11,1.0349E+12,99691200000,1.16639E+11,6,0.1,7.25284E+11,1.81423187,1,Accept
P125,SBI,Finance,6.16896E+11,-6.16896E+11,8.84676E+11,98108800000,1.16749E+11,6,0.1,3.56152E+11,0.606414859,1,Accept
P126,SBI,Finance,3.34152E+11,-3.34152E+11,7.5114E+11,1.43998E+11,1.52638E+11,5,0.1,5.82389E+11,1.49411306,1,Accept
P127,SBI,Finance,2.5704E+11,-2.5704E+11,6.6768E+11,1.21845E+11,1.46214E+11,5,0.1,5.60493E+11,1.835499725,1,Accept
P128,SBI,Finance,6.426E+11,-6.426E+11,1.0516E+12,1.01274E+11,1.13426E+11,6,0.1,4.82313E+11,-1,1,Reject
P129,SBI,Finance,4.11264E+11,-4.11264E+11,9.84828E+11,1.17098E+11,1.37004E+11,3,0.08,7.09764E+11,1.556944186,1,Accept
P130,SBI,Finance,5.91192E+11,-5.91192E+11,7.34448E+11,1.50328E+11,1.57844E+11,5,0.1,3.19317E+11,0.524097614,1,Accept
P131,Axis bank,Finance,5.62464E+11,-5.62464E+11,8.346E+11,1.634E+11,1.78106E+11,6,0.1,4.65118E+11,0.752663272,1,Accept
P132,Axis bank,Finance,3.28104E+11,-3.28104E+11,9.1806E+11,98040000000,1.08824E+11,4,0.1,6.69282E+11,1.938193669,1,Accept
P133,Axis bank,Finance,3.5154E+11,-3.5154E+11,1.0349E+12,1.02942E+11,1.18383E+11,3,0.08,7.88937E+11,2.07477185,1,Accept
P134,Axis bank,Finance,4.92156E+11,-4.92156E+11,1.11836E+12,1.634E+11,1.81374E+11,5,0.1,7.95849E+11,1.467461832,1,Accept
P135,Axis bank,Finance,3.98412E+11,-3.98412E+11,6.84372E+11,1.20916E+11,1.42681E+11,6,0.1,4.30873E+11,0.964956159,1,Accept
P136,Axis bank,Finance,2.81232E+11,-2.81232E+11,9.51444E+11,1.4706E+11,1.76472E+11,4,0.1,8.3784E+11,2.578271979,1,Accept
P137,Axis bank,Finance,2.81232E+11,-2.81232E+11,1.00152E+12,1.35622E+11,1.49184E+11,3,0.08,8.80803E+11,2.728676097,1,Accept
P138,Axis bank,Finance,2.57796E+11,-2.57796E+11,8.17908E+11,1.50328E+11,1.80394E+11,4,0.1,7.45527E+11,2.404360496,1,Accept
P139,Axis bank,Finance,5.15592E+11,-5.15592E+11,7.84524E+11,1.04576E+11,1.20262E+11,4,0.1,3.74393E+11,0.718590871,1,Accept
P140,Axis bank,Finance,2.3436E+11,-2.3436E+11,8.51292E+11,1.32354E+11,1.42942E+11,5,0.1,7.5632E+11,2.821931654,1,Accept
P141,Kotak,Finance,3.23568E+11,-3.23568E+11,1.02414E+12,1.15154E+11,1.22063E+11,5,0.1,7.94345E+11,2.307244264,1,Accept
P142,Kotak,Finance,5.3928E+11,-5.3928E+11,7.40532E+11,1.73617E+11,1.94451E+11,3,0.08,4.49608E+11,0.689946037,1,Accept
P143,Kotak,Finance,3.23568E+11,-3.23568E+11,7.40532E+11,1.45271E+11,1.56893E+11,6,0.1,5.87578E+11,1.540495897,1,Accept
P144,Kotak,Finance,2.96604E+11,-2.96604E+11,8.03556E+11,1.15154E+11,1.35882E+11,3,0.08,6.54023E+11,1.897728625,1,Accept
P145,Kotak,Finance,3.23568E+11,-3.23568E+11,8.35068E+11,1.47043E+11,1.58806E+11,4,0.1,6.76421E+11,1.805182765,1,Accept
P146,Kotak,Finance,5.3928E+11,-5.3928E+11,1.05565E+12,1.24012E+11,1.42614E+11,4,0.1,6.30041E+11,1.124367772,1,Accept
P147,Kotak,Finance,5.12316E+11,-5.12316E+11,6.3024E+11,1.62987E+11,1.85805E+11,4,0.1,3.34928E+11,0.57756972,1,Accept
P148,Kotak,Finance,4.31424E+11,-4.31424E+11,6.61752E+11,1.27555E+11,1.53066E+11,4,0.1,3.90587E+11,0.806302614,1,Accept
P149,Kotak,Finance,3.50532E+11,-3.50532E+11,9.76872E+11,1.48814E+11,1.59231E+11,6,0.1,7.80153E+11,1.980408668,1,Accept
P150,Kotak,Finance,6.20172E+11,-6.20172E+11,9.76872E+11,1.18697E+11,1.30567E+11,3,0.08,4.89751E+11,0.752872295,1,Accept
P151,Hindustan Unilever,FMCG,78390000000,-78390000000,67680000000,73140000000,87036600000,3,0.08,1.16075E+11,0.755291605,1.146431501,Accept
P152,Hindustan Unilever,FMCG,90450000000,-90450000000,61920000000,69960000000,75556800000,2,0.08,86842181070,0.539470547,1.40780446,Accept
P153,Hindustan Unilever,FMCG,1.5075E+11,-1.5075E+11,63360000000,1.06E+11,1.2402E+11,5,0.1,87631367393,0.370928355,1.824433962,Accept
P154,Hindustan Unilever,FMCG,66330000000,-66330000000,57600000000,75260000000,79775600000,5,0.1,1.08169E+11,0.840159266,1.115997874,Accept
P155,Hindustan Unilever,FMCG,1.4472E+11,-1.4472E+11,93600000000,69960000000,81153600000,5,0.1,59160991736,0.328429172,1.730703259,Accept
P156,Hindustan Unilever,FMCG,1.1457E+11,-1.1457E+11,79200000000,73140000000,85573800000,4,0.1,82169143501,0.470683346,1.483593109,Accept
P157,Hindustan Unilever,FMCG,1.4472E+11,-1.4472E+11,63360000000,85860000000,98739000000,2,0.08,65939979424,0.298934025,1.947589099,Accept
P158,Hindustan Unilever,FMCG,1.3869E+11,-1.3869E+11,95040000000,86920000000,94742800000,4,0.1,90726378663,0.445656469,1.502185918,Accept
P159,Hindustan Unilever,FMCG,96480000000,-96480000000,84960000000,71020000000,85224000000,2,0.08,1.10728E+11,0.650710428,1.162207829,Accept
P160,Hindustan Unilever,FMCG,1.3869E+11,-1.3869E+11,87840000000,1.0388E+11,1.09074E+11,3,0.08,1.1829E+11,0.490160057,1.489507124,Accept
P161,ITC,FMCG,1.2868E+11,-1.2868E+11,81691200000,1.1342E+11,1.24762E+11,3,0.08,1.43239E+11,0.58058174,1.414292012,Accept
P162,ITC,FMCG,1.05284E+11,-1.05284E+11,69638400000,71454600000,79314606000,5,0.1,76667462209,0.470978747,1.498853818,Accept
P163,ITC,FMCG,70189200000,-70189200000,62942400000,97541200000,1.16074E+11,2,0.08,1.6386E+11,1.002859257,1.07429476,Accept
P164,ITC,FMCG,1.2868E+11,-1.2868E+11,70977600000,85065000000,92720850000,4,0.1,75809090759,0.39538849,1.678335391,Accept
P165,ITC,FMCG,1.34529E+11,-1.34529E+11,83030400000,1.00944E+11,1.05991E+11,2,0.08,1.13033E+11,0.48212036,1.510173978,Accept
P166,ITC,FMCG,58491000000,-58491000000,89726400000,71454600000,79314606000,2,0.08,1.48812E+11,1.314826195,1,Accept
P167,ITC,FMCG,99434700000,-99434700000,70977600000,69186200000,80947854000,5,0.1,83086389406,0.522226511,1.411311793,Accept
P168,ITC,FMCG,1.2868E+11,-1.2868E+11,72316800000,87333400000,96940074000,4,0.1,82071221488,0.416538865,1.64538195,Accept
P169,ITC,FMCG,1.2868E+11,-1.2868E+11,53568000000,1.07749E+11,1.26066E+11,3,0.08,1.13373E+11,0.454775946,1.697103453,Accept
P170,ITC,FMCG,1.22831E+11,-1.22831E+11,64281600000,1.02078E+11,1.08203E+11,4,0.1,1.01263E+11,0.483654318,1.573576089,Accept
P171,Nestle India,FMCG,94068000000,-94068000000,90792000000,93894800000,1.06101E+11,5,0.1,1.45785E+11,0.840485131,1.034890111,Accept
P172,Nestle India,FMCG,1.31695E+11,-1.31695E+11,67046400000,77517800000,86044758000,4,0.1,57967070473,0.325260844,1.833986517,Accept
P173,Nestle India,FMCG,94068000000,-94068000000,83808000000,94986600000,1.10184E+11,4,0.1,1.43406E+11,0.807857589,1.108015236,Accept
P174,Nestle India,FMCG,1.5678E+11,-1.5678E+11,65649600000,1.04813E+11,1.16342E+11,3,0.08,86222944673,0.335443487,1.869458692,Accept
P175,Nestle India,FMCG,1.12882E+11,-1.12882E+11,62856000000,94986600000,1.10184E+11,3,0.08,1.14222E+11,0.526744412,1.52665955,Accept
P176,Nestle India,FMCG,87796800000,-87796800000,69840000000,88435800000,93741948000,4,0.1,1.19211E+11,0.732554488,1.203048991,Accept
P177,Nestle India,FMCG,68983200000,-68983200000,69840000000,1.02629E+11,1.1905E+11,3,0.08,1.78177E+11,1.107148404,1,Accept
P178,Nestle India,FMCG,1.19153E+11,-1.19153E+11,78220800000,91711200000,1.10053E+11,5,0.1,1.10436E+11,0.543135228,1.446314082,Accept
P179,Nestle India,FMCG,81525600000,-81525600000,65649600000,1.0918E+11,1.24465E+11,5,0.1,1.619E+11,0.91828111,1.145411247,Accept
P180,Nestle India,FMCG,1.44238E+11,-1.44238E+11,85204800000,1.03721E+11,1.16168E+11,3,0.08,1.15797E+11,0.460588776,1.569149931,Accept
P181,Dabur,FMCG,1.23374E+11,-1.23374E+11,74793600000,63091200000,75709440000,5,0.1,53643492261,0.334232307,1.76999962,Accept
P182,Dabur,FMCG,1.0655E+11,-1.0655E+11,71971200000,1.00742E+11,1.0578E+11,2,0.08,1.30431E+11,0.629549136,1.34324078,Accept
P183,Dabur,FMCG,1.3459E+11,-1.3459E+11,97372800000,61056000000,71435520000,5,0.1,58061194891,0.350442027,1.609551887,Accept
P184,Dabur,FMCG,1.00942E+11,-1.00942E+11,84672000000,63091200000,74447616000,3,0.08,90647252827,0.549420827,1.257883825,Accept
P185,Dabur,FMCG,72902700000,-72902700000,67737600000,95654400000,1.03307E+11,4,0.1,1.45346E+11,0.964341986,1.053997516,Accept
P186,Dabur,FMCG,1.12158E+11,-1.12158E+11,80438400000,68179200000,76360704000,2,0.08,81392263679,0.45591235,1.465238665,Accept
P187,Dabur,FMCG,1.12158E+11,-1.12158E+11,59270400000,90566400000,1.01434E+11,5,0.1,92781588279,0.483609079,1.583964914,Accept
P188,Dabur,FMCG,1.0655E+11,-1.0655E+11,97372800000,90566400000,1.05963E+11,2,0.08,1.45373E+11,0.734486293,1.101332282,Accept
P189,Dabur,FMCG,89726400000,-89726400000,59270400000,98707200000,1.03643E+11,5,0.1,1.236E+11,0.703986002,1.30854892,Accept
P190,Dabur,FMCG,84118500000,-84118500000,77616000000,73267200000,87187968000,4,0.1,1.12499E+11,0.755308783,1.088750491,Accept
P191,Brittania,FMCG,69646500000,-69646500000,63172800000,92453200000,1.0817E+11,3,0.08,1.5398E+11,0.976352915,1.070021373,Accept
P192,Brittania,FMCG,1.2663E+11,-1.2663E+11,81662400000,69599600000,78647548000,4,0.1,64217942900,0.373941051,1.64608992,Accept
P193,Brittania,FMCG,1.45625E+11,-1.45625E+11,92448000000,1.00764E+11,1.14871E+11,3,0.08,1.17552E+11,0.470322406,1.527735214,Accept
P194,Brittania,FMCG,1.13967E+11,-1.13967E+11,86284800000,73754800000,87768212000,2,0.08,98832422979,0.517786945,1.375327436,Accept
P195,Brittania,FMCG,1.07636E+11,-1.07636E+11,1.07856E+11,66483200000,75126016000,4,0.1,1.01803E+11,0.638824769,1,Accept
P196,Brittania,FMCG,1.2663E+11,-1.2663E+11,1.00152E+11,89336800000,1.00057E+11,2,0.08,1.22124E+11,0.56459539,1.296384021,Accept
P197,Brittania,FMCG,94972500000,-94972500000,83203200000,67522000000,79000740000,5,0.1,95824503757,0.627176875,1.17430319,Accept
P198,Brittania,FMCG,63315000000,-63315000000,63172800000,87259200000,1.01221E+11,3,0.08,1.50341E+11,1.050263425,1.001629628,Accept
P199,Brittania,FMCG,1.07636E+11,-1.07636E+11,97070400000,71677200000,83145552000,4,0.1,1.02316E+11,0.612135584,1.147398336,Accept
P200,Brittania,FMCG,94972500000,-94972500000,84744000000,91414400000,98727552000,4,0.1,1.31792E+11,0.768763462,1.111891562,Accept
P201,Tata Motors,Automobile,9.614E+11,-9.614E+11,1.5282E+11,19215000000,21520800000,7,0.12,-7.94317E+11,-1,>3,Reject
P202,Tata Motors,Automobile,6.992E+11,-6.992E+11,1.3584E+11,22365000000,25048800000,4,0.1,-5.38406E+11,-1,>3,Reject
P203,Tata Motors,Automobile,7.866E+11,-7.866E+11,1.2735E+11,26775000000,30255750000,6,0.1,-6.25968E+11,-0.56099026,>3,Reject
P204,Tata Motors,Automobile,4.807E+11,-4.807E+11,1.6414E+11,23940000000,28728000000,4,0.1,-2.90113E+11,-0.405601769,>3,Reject
P205,Tata Motors,Automobile,1.0925E+12,-1.0925E+12,1.8961E+11,25200000000,29988000000,5,0.1,-8.7677E+11,-0.598608891,>3,Reject
P206,Tata Motors,Automobile,1.0051E+12,-1.0051E+12,1.8112E+11,29925000000,33216750000,5,0.1,-7.90758E+11,-0.570913909,>3,Reject
P207,Tata Motors,Automobile,8.74E+11,-8.74E+11,1.1886E+11,29925000000,33216750000,4,0.1,-7.16258E+11,-1,>3,Reject
P208,Tata Motors,Automobile,5.681E+11,-5.681E+11,1.7829E+11,19215000000,20175750000,6,0.1,-3.7498E+11,-1,>3,Reject
P209,Tata Motors,Automobile,1.0051E+12,-1.0051E+12,1.7546E+11,31185000000,34303500000,6,0.1,-7.94045E+11,-1,>3,Reject
P210,Tata Motors,Automobile,7.866E+11,-7.866E+11,1.698E+11,23940000000,26334000000,5,0.1,-5.92666E+11,-0.55062362,>3,Reject
P211,Mahindra & Mahindra,Automobile,5.03424E+11,-5.03424E+11,1.43283E+11,20997900000,22047795000,6,0.1,-3.39248E+11,-1,>3,Reject
P212,Mahindra & Mahindra,Automobile,1.00685E+12,-1.00685E+12,93956000000,28315350000,31996345500,7,0.12,-8.77612E+11,-1,>3,Reject
P213,Mahindra & Mahindra,Automobile,4.61472E+11,-4.61472E+11,1.52679E+11,27679050000,32938069500,6,0.1,-2.75051E+11,-0.383817832,>3,Reject
P214,Mahindra & Mahindra,Automobile,6.2928E+11,-6.2928E+11,1.64423E+11,19089000000,21761460000,6,0.1,-4.47679E+11,-0.523073692,>3,Reject
P215,Mahindra & Mahindra,Automobile,1.0488E+12,-1.0488E+12,1.47981E+11,26088300000,27392715000,7,0.12,-8.76379E+11,-0.616478969,>3,Reject
P216,Mahindra & Mahindra,Automobile,4.1952E+11,-4.1952E+11,1.43283E+11,21952350000,24367108500,7,0.12,-2.56745E+11,-0.405852192,>3,Reject
P217,Mahindra & Mahindra,Automobile,4.61472E+11,-4.61472E+11,1.19794E+11,20679750000,22127332500,6,0.1,-3.18853E+11,-0.478320577,>3,Reject
P218,Mahindra & Mahindra,Automobile,7.97088E+11,-7.97088E+11,1.47981E+11,23861250000,26008762500,5,0.1,-6.23299E+11,-1,>3,Reject
P219,Mahindra & Mahindra,Automobile,7.13184E+11,-7.13184E+11,1.55027E+11,24497550000,28662133500,6,0.1,-5.3047E+11,-0.528758876,>3,Reject
P220,Mahindra & Mahindra,Automobile,8.3904E+11,-8.3904E+11,1.47981E+11,27997200000,29957004000,5,0.1,-6.58867E+11,-1,>3,Reject
P221,Maruti Suzuki,Automobile,7.80045E+11,-7.80045E+11,1.83667E+11,28690200000,33280632000,5,0.1,-5.6436E+11,-1,>3,Reject
P222,Maruti Suzuki,Automobile,5.57175E+11,-5.57175E+11,1.83667E+11,27241200000,32144616000,4,0.1,-3.43541E+11,-0.416860924,>3,Reject
P223,Maruti Suzuki,Automobile,7.05755E+11,-7.05755E+11,2.13722E+11,22894200000,24267852000,4,0.1,-4.74309E+11,-0.496864881,>3,Reject
P224,Maruti Suzuki,Automobile,5.57175E+11,-5.57175E+11,1.87006E+11,24343200000,28724976000,5,0.1,-3.45469E+11,-0.429431115,>3,Reject
P225,Maruti Suzuki,Automobile,5.9432E+11,-5.9432E+11,1.80328E+11,24922800000,26418168000,7,0.12,-3.94641E+11,-1,>3,Reject
P226,Maruti Suzuki,Automobile,4.82885E+11,-4.82885E+11,1.46934E+11,25502400000,29582784000,4,0.1,-3.06007E+11,-0.421425711,>3,Reject
P227,Maruti Suzuki,Automobile,8.54335E+11,-8.54335E+11,1.60291E+11,25502400000,29837808000,6,0.1,-6.65122E+11,-1,>3,Reject
P228,Maruti Suzuki,Automobile,9.28625E+11,-9.28625E+11,1.56952E+11,24343200000,26777520000,5,0.1,-7.45705E+11,-1,>3,Reject
P229,Maruti Suzuki,Automobile,6.31465E+11,-6.31465E+11,2.2374E+11,28400400000,30104424000,5,0.1,-3.81976E+11,-0.42394244,>3,Reject
P230,Maruti Suzuki,Automobile,6.6861E+11,-6.6861E+11,1.50273E+11,25502400000,27287568000,5,0.1,-4.9042E+11,-0.519287604,>3,Reject
P231,Hyundai India,Automobile,6.2491E+11,-6.2491E+11,2.03534E+11,19870200000,22254624000,7,0.12,-4.11503E+11,-0.480890922,>3,Reject
P232,Hyundai India,Automobile,1.15368E+12,-1.15368E+12,2.19948E+11,25622100000,30234078000,7,0.12,-9.15352E+11,-0.594865888,>3,Reject
P233,Hyundai India,Automobile,4.807E+11,-4.807E+11,1.77271E+11,16471350000,17624344500,6,0.1,-2.9269E+11,-0.448530332,>3,Reject
P234,Hyundai India,Automobile,1.20175E+12,-1.20175E+12,1.96968E+11,25360650000,29925567000,5,0.1,-9.79245E+11,-1,>3,Reject
P235,Hyundai India,Automobile,7.2105E+11,-7.2105E+11,1.96968E+11,18824400000,21271572000,7,0.12,-5.15038E+11,-1,>3,Reject
P236,Hyundai India,Automobile,4.807E+11,-4.807E+11,1.67423E+11,22484700000,24958017000,7,0.12,-2.95526E+11,-0.418035782,>3,Reject
P237,Hyundai India,Automobile,7.2105E+11,-7.2105E+11,1.31312E+11,26145000000,29805300000,4,0.1,-5.57675E+11,-1,>3,Reject
P238,Hyundai India,Automobile,6.2491E+11,-6.2491E+11,1.47726E+11,19347300000,21668976000,5,0.1,-4.58344E+11,-1,>3,Reject
P239,Hyundai India,Automobile,6.7298E+11,-6.7298E+11,2.29796E+11,18301500000,21595770000,6,0.1,-4.32724E+11,-0.484836931,>3,Reject
P240,Hyundai India,Automobile,5.7684E+11,-5.7684E+11,1.31312E+11,16209900000,17020395000,4,0.1,-4.31281E+11,-1,>3,Reject
P241,Ashok Leyland,Automobile,9.177E+11,-9.177E+11,1.4866E+11,20349000000,23604840000,5,0.1,-7.48003E+11,-0.611012142,>3,Reject
P242,Ashok Leyland,Automobile,5.244E+11,-5.244E+11,1.4283E+11,27531000000,30559410000,6,0.1,-3.48842E+11,-0.444377375,>3,Reject
P243,Ashok Leyland,Automobile,9.177E+11,-9.177E+11,1.69064E+11,18852750000,20549497500,7,0.12,-7.37094E+11,-1,>3,Reject
P244,Ashok Leyland,Automobile,1.0925E+12,-1.0925E+12,1.51575E+11,19152000000,20301120000,7,0.12,-9.27448E+11,-0.654671,>3,Reject
P245,Ashok Leyland,Automobile,1.0051E+12,-1.0051E+12,1.98213E+11,19750500000,22120560000,4,0.1,-7.91964E+11,-1,>3,Reject
P246,Ashok Leyland,Automobile,9.177E+11,-9.177E+11,1.69064E+11,29326500000,34312005000,6,0.1,-7.13989E+11,-0.555075335,>3,Reject
P247,Ashok Leyland,Automobile,5.244E+11,-5.244E+11,1.5449E+11,19451250000,21785400000,4,0.1,-3.51512E+11,-0.480247933,>3,Reject
P248,Ashok Leyland,Automobile,6.118E+11,-6.118E+11,1.95298E+11,23042250000,26498587500,6,0.1,-3.95304E+11,-0.461486682,>3,Reject
P249,Ashok Leyland,Automobile,7.429E+11,-7.429E+11,1.86554E+11,28728000000,31600800000,7,0.12,-5.3094E+11,-0.50075999,>3,Reject
P250,Ashok Leyland,Automobile,6.555E+11,-6.555E+11,1.57405E+11,20049750000,23057212500,6,0.1,-4.78512E+11,-1,>3,Reject
